Event,Chromosome,Bp,Backbone1,Base1,Base2,Backbone2
1308,24,127230205,0,0,0,I
1308,24,127230326,0,0,0,*
1308,24,127230379,0,0,I,0
1308,29,36493211,0,*,0,0
1308,29,36495204,*,0,0,0
1308,29,36495215,0,0,0,I
1308,29,36495225,0,0,0,*
1308,29,74902527,0,0,I,0
1308,29,74902534,0,0,I,0
1308,29,74904278,0,0,*,0
1308,29,74904283,*,0,0,0
1308,29,74904294,*,0,0,0
1308,29,74904403,0,*,0,0
1308,29,74904410,I,0,0,0
1308,29,74906200,*,0,0,0
1308,29,74906262,0,*,0,0
1308,29,74907983,0,I,0,0
1308,29,75073583,0,0,0,I
1308,31,36707772,0,0,0,I
1308,37,1469553,0,0,0,*
1308,37,1469559,0,0,I,0
1308,37,1469665,0,I,0,0
1308,37,1469673,0,D,0,0
1308,37,1470251,0,I,0,0
1308,37,1564188,0,I,0,0
1308,37,1564359,0,0,0,*
1308,37,1564401,I,0,0,0
1308,38,37342787,*,0,0,0
1308,38,37342790,0,*,0,0
1308,38,37344536,I,0,0,0
1308,40,4650609,0,0,I,0
1308,41,16187994,0,0,0,*
1308,43,25909953,0,0,I,0
1308,43,25909956,0,0,*,0
1308,43,25909959,0,0,*,0
1308,43,25909964,0,*,0,0
1308,43,25909966,0,*,0,0
5651,33,6261759,D,0,0,0
7049,9,110091810,*,0,0,0
7049,9,110091813,0,*,0,0
7049,9,110091814,0,0,0,*
7049,9,110091818,0,0,*,0
7049,9,110091896,0,0,0,I
7049,9,110091930,0,*,0,0
7049,9,110091932,0,0,0,D
7049,9,110091933,0,I,0,0
7049,9,110091935,0,I,0,0
7049,9,110091937,0,*,0,0
7049,9,110091940,0,*,*,0
7049,9,110091943,0,0,*,0
7049,9,110091945,0,0,*,0
7049,9,110092034,0,0,I,0
7049,9,110092045,0,0,I,0
7049,9,110092067,0,I,0,0
7049,9,110093485,0,0,I,0
7049,9,110093658,0,0,0,*
7049,9,111492486,0,*,0,0
7049,9,111494490,0,0,I,0
7049,9,151830802,0,0,0,I
7049,9,161400804,0,0,I,0
7049,12,78562938,0,0,0,I
7049,12,78562939,0,0,D,0
7049,12,78562943,0,*,0,0
7049,12,78562944,0,D,0,0
7049,12,78562945,0,0,*,0
7049,12,78562987,0,I,0,0
7049,12,78562990,0,0,0,*
7049,12,78563005,D,D,D,0
7049,12,78563006,0,*,0,0
7049,12,78563011,0,I,0,0
7049,12,78563016,*,0,0,0
7049,12,78563022,0,I,0,0
7049,12,78563168,0,I,0,0
7049,12,78563837,0,I,0,0
7049,12,78565844,0,0,0,*
7049,12,88397140,0,0,0,*
7049,12,88408086,0,0,I,0
7049,12,114189213,I,0,0,0
7049,12,114189545,0,0,0,D
7049,12,114240959,*,0,0,0
7049,12,114240966,0,0,0,*
7049,12,114241011,0,0,I,0
7049,12,114241086,0,0,0,*
7049,12,114241178,0,I,0,0
7049,12,114241180,0,*,0,0
7049,12,114241653,0,0,*,0
7049,12,114241660,0,*,0,0
7049,12,114287256,I,0,0,0
7049,12,114287543,0,D,0,0
7049,12,114287546,0,I,0,0
7049,15,32584107,0,I,0,0
7049,16,7119537,0,0,0,*
7049,16,7119554,0,0,I,0
7049,16,7119649,0,0,0,D
7049,16,7119667,*,0,0,0
7049,16,7119708,D,0,0,0
7049,16,7119709,0,D,0,0
7049,16,7119715,0,0,*,0
7049,16,7119719,0,0,D,0
7049,16,7119722,*,I,0,0
7049,16,44955252,0,0,0,I
7049,16,44955257,*,0,0,0
7049,16,56607449,0,I,0,0
7049,16,56607569,0,0,0,I
7049,16,120018933,*,D,0,0
7049,16,120018934,D,0,0,0
7049,16,120018951,0,0,*,0
7049,16,120018955,0,*,0,0
7049,16,120019069,0,0,I,0
7049,26,100101413,D,0,0,0
8471,1,66993132,0,I,0,0
8471,1,196431175,0,0,I,0
8471,1,196645652,0,0,I,0
8471,2,98806078,0,0,0,I
13098,6,95805520,0,I,0,0
13098,6,95805530,0,I,0,0
13098,6,95805558,0,0,0,I
13098,6,95805567,0,0,I,0
13098,6,95805568,0,0,0,*
13098,6,95807669,0,0,I,0
13098,6,124639154,0,I,0,0
13098,6,124639155,0,0,*,0
13098,6,124639160,*,0,0,0
13098,6,124639272,0,0,0,D
13098,6,130006530,0,*,0,0
13098,6,130008191,0,I,0,0
13098,6,130008230,0,D,0,0
13098,6,130009760,0,0,0,I
14438,40,51802206,0,0,I,0
14438,40,51876476,*,0,0,0
14438,40,51877934,*,0,0,0
23492,22,130606494,0,0,I,0
23492,34,50577579,0,0,0,*
23492,34,50577580,0,0,0,*
23492,34,50581399,0,0,I,0
31539,1,83008785,0,0,0,*
31539,1,83008797,0,0,0,*
31539,1,83008818,0,0,0,D
31539,1,83008819,0,0,D,0
31539,1,83009103,D,0,0,0
31539,1,83009104,*,0,0,0
31539,1,83010690,0,I,0,0
31539,1,83017406,0,M,0,0
31539,1,83026601,0,0,0,*
31539,1,83026604,0,*,0,0
33729,28,49150546,I,0,0,0
33729,28,49150671,0,I,0,0
33729,28,49153216,0,0,0,*
33729,38,3554764,0,I,0,0
33729,38,10833211,D,0,0,0
33729,38,11058422,0,0,I,0
33729,38,22348562,*,0,0,0
33729,38,22348570,I,0,0,0
33729,38,26959263,0,I,0,0
33729,38,26959389,0,I,0,0
33729,38,26959391,*,0,0,0
33729,38,26959417,*,0,0,0
33729,38,26959418,0,0,0,*
33729,38,26959420,0,0,0,*
33729,38,27070248,0,I,0,0
33729,39,37237962,0,0,0,*
33729,39,37237963,*,0,0,0
33729,39,37237970,0,*,0,0
33729,39,37237976,0,I,0,0
33729,39,46020953,0,0,D,0
33729,39,46020956,0,D,0,0
33729,39,46213414,0,0,*,0
33729,39,62915678,0,I,0,0
33729,39,62915680,0,0,*,0
33729,39,62915686,*,0,0,0
33729,39,62915798,0,0,I,0
33729,41,39040569,0,*,0,0
33729,41,39040571,0,0,*,0
33729,41,39040575,0,*,0,0
33729,41,39431884,0,0,*,0
33729,41,39431885,0,0,0,*
33729,44,17557770,D,0,0,0
33729,46,115682517,0,0,0,*
33729,46,115682524,0,0,0,*
33729,46,115682525,0,0,*,0
33729,46,115682628,*,0,0,0
33729,46,115682639,*,0,0,0
33729,46,115682640,0,0,0,*
33729,46,142875862,0,I,0,0
35115,43,44384676,0,*,0,0
35115,43,44384680,0,0,0,*
42220,17,29873058,0,D,0,0
42220,17,32797953,0,I,0,0
42220,17,79962379,0,I,0,0
42220,17,99203168,0,0,I,0
42220,17,99203169,0,I,0,0
42220,17,99203172,0,0,0,*
42220,17,99203183,*,0,0,0
42220,17,99203184,D,0,0,0
42220,17,99203187,0,0,I,0
42220,17,99203199,0,0,0,*
42220,17,99203281,0,0,0,*
42220,17,99203320,0,0,0,I
